{"cameraMode":{"drawMode":0,"name":"Shaded","section":"Shading Mode"},"sceneLighting":true,"audioPlay":false,"sceneViewState":{"showFog":true,"showMaterialUpdate":false,"showSkybox":true,"showFlares":true,"showImageEffects":true,"showParticleSystems":true},"in2DMode":false,"pivot":{"x":-3.041234016418457,"y":-13.35549545288086,"z":54.186614990234378},"rotation":{"x":0.212241530418396,"y":0.09072821587324143,"z":-0.019791588187217714,"w":0.972800076007843},"size":116.37706756591797,"orthographic":false}