{"cameraMode":{"drawMode":0,"name":"Shaded","section":"Shading Mode"},"sceneLighting":true,"audioPlay":false,"sceneViewState":{"showFog":true,"showMaterialUpdate":false,"showSkybox":true,"showFlares":true,"showImageEffects":true,"showParticleSystems":true},"in2DMode":false,"pivot":{"x":-57.30384826660156,"y":-19.679466247558595,"z":-13.654646873474121},"rotation":{"x":0.1630631685256958,"y":-0.7074866890907288,"z":0.1733686327934265,"w":0.6654546856880188},"size":67.1685791015625,"orthographic":false}