{"cameraMode":{"drawMode":0,"name":"Shaded","section":"Shading Mode"},"sceneLighting":true,"audioPlay":false,"sceneViewState":{"showFog":true,"showMaterialUpdate":false,"showSkybox":true,"showFlares":true,"showImageEffects":true,"showParticleSystems":true},"in2DMode":false,"pivot":{"x":-0.3581671714782715,"y":0.5187540054321289,"z":-0.08834600448608399},"rotation":{"x":-0.10250411182641983,"y":0.8737477660179138,"z":-0.20994402468204499,"w":-0.4266025424003601},"size":11.502861022949219,"orthographic":false}