{"cameraMode":{"drawMode":0,"name":"Shaded","section":"Shading Mode"},"sceneLighting":true,"audioPlay":false,"sceneViewState":{"showFog":true,"showMaterialUpdate":false,"showSkybox":true,"showFlares":true,"showImageEffects":true,"showParticleSystems":true},"in2DMode":false,"pivot":{"x":-6.945253372192383,"y":4.1441545486450199,"z":0.04336357116699219},"rotation":{"x":-0.1802520453929901,"y":0.07722262293100357,"z":-0.014196622185409069,"w":-0.9804859757423401},"size":10.030171394348145,"orthographic":false}