{"cameraMode":{"drawMode":0,"name":"Shaded","section":"Shading Mode"},"sceneLighting":true,"audioPlay":false,"sceneViewState":{"showFog":true,"showMaterialUpdate":false,"showSkybox":true,"showFlares":true,"showImageEffects":true,"showParticleSystems":true},"in2DMode":false,"pivot":{"x":-0.3581671714782715,"y":0.5187540054321289,"z":-0.08834600448608399},"rotation":{"x":0.003324562218040228,"y":0.9704554080963135,"z":-0.2408936321735382,"w":0.013394051231443882},"size":13.875545501708985,"orthographic":false}