{"cameraMode":{"drawMode":0,"name":"Shaded","section":"Shading Mode"},"sceneLighting":true,"audioPlay":false,"sceneViewState":{"showFog":true,"showMaterialUpdate":false,"showSkybox":true,"showFlares":true,"showImageEffects":true,"showParticleSystems":true},"in2DMode":false,"pivot":{"x":-0.3444406986236572,"y":2.264038562774658,"z":1.3186695575714112},"rotation":{"x":0.030829716473817827,"y":0.9680923819541931,"z":-0.15107880532741548,"w":0.19755332171916963},"size":3.584742546081543,"orthographic":false}